{
  "execution_time_transform_image": 0.004302501678466797,
  "accuracy_top1": 0.66694,
  "accuracy_top5": 0.87734,
  "correct_images_top5": 43867,
  "execution_time_create_run_time_graph": 2.9180750846862793,
  "total_images": 50000,
  "correct_images_top1": 33347,
  "execution_time_load_image": 0.053659677505493164,
  "execution_time_classify_internal": 0.077400563,
  "execution_time": 0.077400563,
  "execution_time_classify": 0.1563701629638672
}